feature	metadata	value	coef	stderr	N	N.not.0	pval	qval
UniRef50_D4BLK4	Fam_hx_stone	Yes	5.22192056148545	0.0684180586112703	10	1	4.95705660302888e-06	0.00145737464129049
UniRef50_D4BLK4	sex	male	0.13579317289549	0.00701706546830594	10	1	0.000301400763200695	0.0443059121905022
